{
  "cesVersion": "2.11.24",
  "projectName": "opencdx-formrender",
  "packages": [
    {
      "name": "expo-router",
      "type": "navigation",
      "options": {
        "type": "stack"
      }
    },
    {
      "name": "nativewind",
      "type": "styling"
    }
  ],
  "flags": {
    "noGit": false,
    "noInstall": false,
    "overwrite": false,
    "importAlias": true,
    "packageManager": "npm",
    "eas": false
  },
  "packageManager": {
    "type": "npm",
    "version": "10.8.3"
  },
  "os": {
    "type": "Darwin",
    "platform": "darwin",
    "arch": "arm64",
    "kernelVersion": "23.6.0"
  }
}
