{
  "openapi": "3.0.1",
  "info": {
    "title": "Profile API",
    "version": "1.0.0"
  },
  "servers": [
    {
      "url": "https://api.dev-1.opencdx.io"
    }
  ],
  "paths": {
    "/health/profile": {
      "put": {
        "summary": "Update user profile",
        "operationId": "updateProfile",
        "requestBody": {
          "required": true,
          "content": {
            "application/json": {
              "schema": {
                "type": "object",
                "properties": {
                  "userId": {
                    "type": "string"
                  },
                  "updatedProfile": {
                    "type": "object",
                    "properties": {
                      "id": { "type": "string" },
                      "userId": { "type": "string" },
                      "fullName": {
                        "type": "object",
                        "properties": {
                          "firstName": { "type": "string" },
                          "lastName": { "type": "string" }
                        }
                      },
                      "dateOfBirth": {
                        "type": "object",
                        "properties": {
                          "seconds": { "type": "integer" },
                          "nanos": { "type": "integer" }
                        }
                      },
                      "email": {
                        "type": "array",
                        "items": {
                          "type": "object",
                          "properties": {
                            "email": { "type": "string" },
                            "type": { "type": "string" }
                          }
                        }
                      },
                      "phone": {
                        "type": "array",
                        "items": {
                          "type": "object",
                          "properties": {
                            "number": { "type": "string" },
                            "type": { "type": "string" }
                          }
                        }
                      }
                    }
                  }
                }
              }
            }
          }
        },
        "responses": {
          "200": {
            "description": "Profile updated successfully",
            "content": {
              "application/json": {
                "schema": {
                  "type": "object",
                  "properties": {
                    "message": { "type": "string" }
                  }
                }
              }
            }
          }
        }
      }
    },
    "/health/profile/{id}": {
      "get": {
        "summary": "Get user profile by ID",
        "operationId": "getProfileById",
        "parameters": [
          {
            "name": "id",
            "in": "path",
            "required": true,
            "schema": {
              "type": "string"
            },
            "description": "ID of the user profile to retrieve"
          }
        ],
        "responses": {
          "200": {
            "description": "Profile retrieved successfully",
            "content": {
              "application/json": {
                "schema": {
                  "type": "object",
                  "properties": {
                    "id": { "type": "string" },
                    "userId": { "type": "string" },
                    
                    "fullName": {
                      "type": "object",
                      "properties": {
                       
                        "firstName": { "type": "string" },
                        "lastName": { "type": "string" }
                      }
                    },
                    "dateOfBirth": {
                      "type": "object",
                      "properties": {
                        "seconds": { "type": "integer" },
                        "nanos": { "type": "integer" }
                      }
                    },
                    "email": {
                      "type": "array",
                      "items": {
                        "type": "object",
                        "properties": {
                          "email": { "type": "string" },
                          "type": { "type": "string" }
                        }
                      }
                    },
                    "phone": {
                      "type": "array",
                      "items": {
                        "type": "object",
                        "properties": {
                          "number": { "type": "string" },
                          "type": { "type": "string" }
                        }
                      }
                    }
                  }
                }
              }
            }
          },
          "404": {
            "description": "Profile not found",
            "content": {
              "application/json": {
                "schema": {
                  "type": "object",
                  "properties": {
                    "message": { "type": "string" }
                  }
                }
              }
            }
          }
        }
      }
    }
  }
}
